[
    {
        "id":"EX1_066",
        "name":"Acidic Swamp Ooze",
        "type":"Minion",
        "faction":"Alliance",
        "rarity":"Common",
        "cost":2,
        "attack":3,
        "health":2,
        "text":"<b>Battlecry:</b> Destroy your opponent's weapon.",
        "flavor":"Oozes love Flamenco.  Don't ask.",
        "artist":"Chris Rahn",
        "collectible":true,
        "howToGetGold":"Unlocked at Rogue Level 57.",
        "mechanics":["Battlecry"]
    },
    {
        "id":"CS2_041",
        "name":"Ancestral Healing",
        "type":"Spell",
        "faction":"Neutral",
        "rarity":"Free",
        "cost":0,
        "text":"Restore a minion to full Health and give it <b>Taunt</b>.",
        "flavor":"I personally prefer some non-ancestral right-the-heck-now healing, but maybe that is just me.",
        "artist":"Dan Scott",
        "collectible":true,
        "playerClass":"Shaman",
        "howToGet":"Unlocked at Level 1.",
        "howToGetGold":"Unlocked at Level 15."
    },
    
    {
        "id":"HERO_09",
        "name":"Anduin Wrynn",
        "type":"Hero",
        "faction":"Neutral",
        "rarity":"Free",
        "health":30,
        "collectible":true,
        "playerClass":"Priest"
    },
    {
        "id":"NEW1_031",
        "name":"Animal Companion",
        "type":"Spell",
        "rarity":"Common",
        "cost":3,
        "text":"Summon a random Beast Companion.",
        "flavor":"You could summon Misha, Leokk, or Huffer!  Huffer is more trouble than he's worth.",
        "artist":"Wei Wang",
        "collectible":true,
        "playerClass":"Hunter",
        "howToGet":"Unlocked at Level 2.",
        "howToGetGold":"Unlocked at Level 45."
    },
    {
        "id":"CS2_025",
        "name":"Arcane Explosion",
        "type":"Spell",
        "faction":"Neutral",
        "rarity":"Free",
        "cost":2,
        "text":"Deal $1 damage to all enemy minions.",
        "flavor":"This spell is much better than Arcane Implosion.",
        "artist":"Howard Lyon",
        "collectible":true,
        "playerClass":"Mage",
        "howToGet":"Unlocked at Level 1.",
        "howToGetGold":"Unlocked at Level 28."
    },
    {
        "id":"CS2_023",
        "name":"Arcane Intellect",
        "type":"Spell",
        "faction":"Neutral",
        "rarity":"Free",
        "cost":3,
        "text":"Draw 2 cards.",
        "flavor":"Playing this card makes you SMARTER.  And let's face it: we could all stand to be a little smarter.",
        "artist":"Dave Berggren",
        "collectible":true,
        "playerClass":"Mage",
        "howToGet":"Unlocked at Level 1.",
        "howToGetGold":"Unlocked at Level 15."
    },
    {
        "id":"EX1_277",
        "name":"Arcane Missiles",
        "type":"Spell",
        "faction":"Neutral",
        "rarity":"Free",
        "cost":1,
        "text":"Deal $3 damage randomly split among enemy characters.",
        "flavor":"You'd think you'd be able to control your missiles a little better since you're a powerful mage and all.",
        "artist":"Warren Mahy",
        "collectible":true,
        "playerClass":"Mage",
        "howToGet":"Unlocked at Level 1.",
        "howToGetGold":"Unlocked at Level 32.",
        "mechanics":["ImmuneToSpellpower"]
    },
    {
        "id":"DS1_185",
        "name":"Arcane Shot",
        "type":"Spell",
        "faction":"Neutral",
        "rarity":"Free",
        "cost":1,
        "text":"Deal $2 damage.",
        "flavor":"Magi conjured arcane arrows to sell to hunters, until hunters learned just enough magic to do it themselves.  The resulting loss of jobs sent Stormwind into a minor recession.",
        "artist":"Luca Zontini",
        "collectible":true,
        "playerClass":"Hunter",
        "howToGet":"Unlocked at Level 1.",
        "howToGetGold":"Unlocked at Level 32."
    },
    {
        "id":"CS2_112",
        "name":"Arcanite Reaper",
        "type":"Weapon",
        "faction":"Neutral",
        "rarity":"Common",
        "cost":5,
        "attack":5,
        "durability":2,
        "flavor":"No… actually you should fear the Reaper.",
        "artist":"Stefan Kopinski",
        "collectible":true,
        "playerClass":"Warrior",
        "howToGet":"Unlocked at Level 10.",
        "howToGetGold":"Unlocked at Level 51."
    },
    {
        "id":"CS2_155",
        "name":"Archmage",
        "type":"Minion",
        "faction":"Alliance",
        "rarity":"Common",
        "cost":6,
        "attack":4,
        "health":7,
        "text":"<b>Spell Damage +1</b>",
        "flavor":"You earn the title of Archmage when you can destroy anyone who calls you on it.",
        "artist":"Steve Ellis",
        "collectible":true,
        "howToGetGold":"Unlocked at Mage Level 57.",
        "mechanics":["Spellpower"]
    },
    {
        "id":"CS2_102",
        "name":"Armor Up!",
        "type":"Hero Power",
        "faction":"Neutral",
        "rarity":"Free",
        "cost":2,
        "text":"<b>Hero Power</b>\nGain 2 Armor.",
        "playerClass":"Warrior"
    },
    {
        "id":"CS2_080",
        "name":"Assassin's Blade",
        "type":"Weapon",
        "faction":"Neutral",
        "rarity":"Common",
        "cost":5,
        "attack":3,
        "durability":4,
        "flavor":"Guaranteed to have been owned by a real assassin.   Certificate of authenticity included.",
        "artist":"Brian Huang",
        "collectible":true,
        "playerClass":"Rogue",
        "howToGet":"Unlocked at Level 2.",
        "howToGetGold":"Unlocked at Level 32."
    },
    {
        "id":"CS2_076",
        "name":"Assassinate",
        "type":"Spell",
        "faction":"Neutral",
        "rarity":"Free",
        "cost":5,
        "text":"Destroy an enemy minion.",
        "flavor":"If you don't want to be assassinated, move to the Barrens and change your name. Good luck!",
        "artist":"Glenn Rane",
        "collectible":true,
        "playerClass":"Rogue",
        "howToGet":"Unlocked at Level 1.",
        "howToGetGold":"Unlocked at Level 47."
    },
    
    {
        "id":"CS2_072",
        "name":"Backstab",
        "type":"Spell",
        "faction":"Neutral",
        "rarity":"Free",
        "cost":0,
        "text":"Deal $2 damage to an undamaged minion.",
        "flavor":"It's funny how often yelling \"Look over there!\" gets your opponent to turn around.",
        "artist":"Michael Sutfin",
        "collectible":true,
        "playerClass":"Rogue",
        "howToGet":"Unlocked at Level 1.",
        "howToGetGold":"Unlocked at Level 36."
    },
  
    {
        "id":"CS2_092",
        "name":"Blessing of Kings",
        "type":"Spell",
        "faction":"Neutral",
        "rarity":"Common",
        "cost":4,
        "text":"Give a minion +4/+4. <i>(+4 Attack/+4 Health)</i>",
        "flavor":"Given the number of kings who have been assassinated, are you sure you want their blessing?",
        "artist":"Lucas Graciano",
        "collectible":true,
        "playerClass":"Paladin",
        "howToGet":"Unlocked at Level 10.",
        "howToGetGold":"Unlocked at Level 49."
    },
    
    {
        "id":"CS2_087",
        "name":"Blessing of Might",
        "type":"Spell",
        "faction":"Neutral",
        "rarity":"Free",
        "cost":1,
        "text":"Give a minion +3 Attack.",
        "flavor":"\"As in, you MIGHT want to get out of my way.\" - Toad Mackle, recently buffed.",
        "artist":"Zoltan Boros",
        "collectible":true,
        "playerClass":"Paladin",
        "howToGet":"Unlocked at Level 1.",
        "howToGetGold":"Unlocked at Level 45."
    },
  
    {
        "id":"CS2_172",
        "name":"Bloodfen Raptor",
        "type":"Minion",
        "faction":"Horde",
        "rarity":"Free",
        "cost":2,
        "attack":3,
        "health":2,
        "flavor":"\"Kill 30 raptors.\" - Hemet Nesingwary",
        "artist":"Dan Brereton",
        "collectible":true,
        "race":"Beast",
        "howToGetGold":"Unlocked at Hunter Level 57."
    },
  
    {
        "id":"CS2_046",
        "name":"Bloodlust",
        "type":"Spell",
        "faction":"Neutral",
        "rarity":"Common",
        "cost":5,
        "text":"Give your minions +3 Attack this turn.",
        "flavor":"blaarghghLLGHRHARAAHAHHH!!",
        "artist":"Luca Zontini",
        "collectible":true,
        "playerClass":"Shaman",
        "howToGet":"Unlocked at Level 2.",
        "howToGetGold":"Unlocked at Level 40."
    },
    {
        "id":"CS2_173",
        "name":"Bluegill Warrior",
        "type":"Minion",
        "faction":"Neutral",
        "rarity":"Common",
        "cost":2,
        "attack":2,
        "health":1,
        "text":"<b>Charge</b>",
        "flavor":"He just wants a hug.   A sloppy... slimy... hug.",
        "artist":"Jakub Kasper",
        "collectible":true,
        "race":"Murloc",
        "howToGetGold":"Unlocked at Paladin Level 53.",
        "mechanics":["Charge"]
    },
    
    {
        "id":"CS2_187",
        "name":"Booty Bay Bodyguard",
        "type":"Minion",
        "faction":"Horde",
        "rarity":"Common",
        "cost":5,
        "attack":5,
        "health":4,
        "text":"<b>Taunt</b>",
        "flavor":"You can hire him... until someone offers him enough gold to turn on you.",
        "artist":"Matt Cavotta",
        "collectible":true,
        "howToGetGold":"Unlocked at Shaman Level 55.",
        "mechanics":["Taunt"]
    },
    {
        "id":"CS2_200",
        "name":"Boulderfist Ogre",
        "type":"Minion",
        "rarity":"Free",
        "cost":6,
        "attack":6,
        "health":7,
        "flavor":"\"ME HAVE GOOD STATS FOR THE COST\"",
        "artist":"Brian Despain",
        "collectible":true,
        "howToGetGold":"Unlocked at Warlock Level 51."
    },
    {
        "id":"CS2_103",
        "name":"Charge",
        "type":"Spell",
        "faction":"Neutral",
        "rarity":"Free",
        "cost":3,
        "text":"Give a friendly minion +2 Attack and <b>Charge</b>.",
        "flavor":"\"Guys! Guys! Slow down!\" - some kind of non-warrior minion",
        "artist":"Alex Horley Orlandelli",
        "collectible":true,
        "playerClass":"Warrior",
        "howToGet":"Unlocked at Level 1.",
        "howToGetGold":"Unlocked at Level 23."
    },
    
    {
        "id":"CS2_182",
        "name":"Chillwind Yeti",
        "type":"Minion",
        "faction":"Neutral",
        "rarity":"Common",
        "cost":4,
        "attack":4,
        "health":5,
        "flavor":"He always dreamed of coming down from the mountains and opening a noodle shop, but he never got the nerve.",
        "artist":"Mauro Cascioli",
        "collectible":true,
        "howToGetGold":"Unlocked at Warrior Level 55."
    },
   
    {
        "id":"CS2_005",
        "name":"Claw",
        "type":"Spell",
        "faction":"Neutral",
        "rarity":"Free",
        "cost":1,
        "text":"Give your hero +2 Attack this turn and 2 Armor.",
        "flavor":"The claw decides who will stay and who will go.",
        "artist":"Dany Orizio",
        "collectible":true,
        "playerClass":"Druid",
        "howToGet":"Unlocked at Level 1.",
        "howToGetGold":"Unlocked at Level 32."
    },
    
    {
        "id":"CS2_114",
        "name":"Cleave",
        "type":"Spell",
        "faction":"Neutral",
        "rarity":"Common",
        "cost":2,
        "text":"Deal $2 damage to two random enemy minions.",
        "flavor":"Hey you two…could you stand next to each other for a second…",
        "artist":"Phroilan Gardner",
        "collectible":true,
        "playerClass":"Warrior",
        "howToGet":"Unlocked at Level 2.",
        "howToGetGold":"Unlocked at Level 40."
    },
    
    {
        "id":"CS2_093",
        "name":"Consecration",
        "type":"Spell",
        "faction":"Neutral",
        "rarity":"Common",
        "cost":4,
        "text":"Deal $2 damage to all enemies.",
        "flavor":"Consecrated ground glows with Holy energy.  But it smells a little, too.",
        "artist":"Vance Kovacs",
        "collectible":true,
        "playerClass":"Paladin",
        "howToGet":"Unlocked at Level 4.",
        "howToGetGold":"Unlocked at Level 43."
    },
    {
        "id":"CS2_201",
        "name":"Core Hound",
        "type":"Minion",
        "rarity":"Common",
        "cost":7,
        "attack":9,
        "health":5,
        "flavor":"You don’t tame a Core Hound. You just train it to eat someone else before it eats you.",
        "artist":"E.M. Gist",
        "collectible":true,
        "race":"Beast",
        "howToGetGold":"Unlocked at Hunter Level 51."
    },
    {
        "id":"CS2_063",
        "name":"Corruption",
        "type":"Spell",
        "faction":"Neutral",
        "rarity":"Common",
        "cost":1,
        "text":"Choose an enemy minion. At the start of your turn, destroy it.",
        "flavor":"It starts with stealing a pen from work, and before you know it, BOOM!  Corrupted!",
        "artist":"Wayne Reynolds",
        "collectible":true,
        "playerClass":"Warlock",
        "howToGet":"Unlocked at Level 2.",
        "howToGetGold":"Unlocked at Level 32."
    },
    
    {
        "id":"CS2_083b",
        "name":"Dagger Mastery",
        "type":"Hero Power",
        "faction":"Neutral",
        "rarity":"Free",
        "cost":2,
        "text":"<b>Hero Power</b>\nEquip a 1/2 Dagger.",
        "playerClass":"Rogue"
    },
    {
        "id":"EX1_582",
        "name":"Dalaran Mage",
        "type":"Minion",
        "faction":"Neutral",
        "rarity":"Common",
        "cost":3,
        "attack":1,
        "health":4,
        "text":"<b>Spell Damage +1</b>",
        "flavor":"You don't see a lot of Dalaran warriors.",
        "artist":"Jim Nelson",
        "collectible":true,
        "howToGetGold":"Unlocked at Mage Level 59.",
        "mechanics":["Spellpower"]
    },
    {
        "id":"DS1_055",
        "name":"Darkscale Healer",
        "type":"Minion",
        "faction":"Neutral",
        "rarity":"Common",
        "cost":5,
        "attack":4,
        "health":5,
        "text":"<b>Battlecry:</b> Restore 2 Health to all friendly characters.",
        "flavor":"Healing is just something she does in her free time.  It's more of a hobby really.",
        "artist":"Jesper Ejsing",
        "collectible":true,
        "howToGetGold":"Unlocked at Priest Level 55.",
        "mechanics":["Battlecry"]
    },
    
    {
        "id":"CS2_074",
        "name":"Deadly Poison",
        "type":"Spell",
        "faction":"Neutral",
        "rarity":"Free",
        "cost":1,
        "text":"Give your weapon +2 Attack.",
        "flavor":"Rogues guard the secrets to poison-making carefully, lest magi start incorporating poison into their spells.  Poisonbolt? Rain of Poison?  Poison Elemental?  Nobody wants that.",
        "artist":"Trevor Jacobs",
        "collectible":true,
        "playerClass":"Rogue",
        "howToGet":"Unlocked at Level 1.",
        "howToGetGold":"Unlocked at Level 43."
    },
   
    {
        "id":"CS2_236",
        "name":"Divine Spirit",
        "type":"Spell",
        "rarity":"Common",
        "cost":2,
        "text":"Double a minion's Health.",
        "flavor":"Double the trouble. Double the fun!",
        "artist":"Jim Pavelec",
        "collectible":true,
        "playerClass":"Priest",
        "howToGet":"Unlocked at Level 2.",
        "howToGetGold":"Unlocked at Level 28."
    },
    {
        "id":"EX1_025",
        "name":"Dragonling Mechanic",
        "type":"Minion",
        "faction":"Alliance",
        "rarity":"Common",
        "cost":4,
        "attack":2,
        "health":4,
        "text":"<b>Battlecry:</b> Summon a 2/1 Mechanical Dragonling.",
        "flavor":"She is still working on installing the rocket launcher add-on for Mr. Bitey.",
        "artist":"Warren Mahy",
        "collectible":true,
        "howToGetGold":"Unlocked at Mage Level 53.",
        "mechanics":["Battlecry"]
    },
    {
        "id":"CS2_061",
        "name":"Drain Life",
        "type":"Spell",
        "faction":"Neutral",
        "rarity":"Free",
        "cost":3,
        "text":"Deal $2 damage. Restore #2 Health to your hero.",
        "flavor":"\"I've just sucked one year of your life away.\"",
        "artist":"Alex Horley Orlandelli",
        "collectible":true,
        "playerClass":"Warlock",
        "howToGet":"Unlocked at Level 1.",
        "howToGetGold":"Unlocked at Level 45."
    },
    {
        "id":"CS2_064",
        "name":"Dread Infernal",
        "type":"Minion",
        "faction":"Neutral",
        "rarity":"Common",
        "cost":6,
        "attack":6,
        "health":6,
        "text":"<b>Battlecry:</b> Deal 1 damage to ALL other characters.",
        "flavor":"\"INFERNOOOOOOOOOO!\" - Jaraxxus, Eredar Lord of the Burning Legion",
        "artist":"Zoltan & Gabor",
        "collectible":true,
        "race":"Demon",
        "playerClass":"Warlock",
        "howToGet":"Unlocked at Level 10.",
        "howToGetGold":"Unlocked at Level 23.",
        "mechanics":["Battlecry"]
    },
    {
        "id":"CS2_189",
        "name":"Elven Archer",
        "type":"Minion",
        "faction":"Horde",
        "rarity":"Common",
        "cost":1,
        "attack":1,
        "health":1,
        "text":"<b>Battlecry:</b> Deal 1 damage.",
        "flavor":"Don't bother asking her out on a date.  She'll shoot you down.",
        "artist":"Steve Prescott",
        "collectible":true,
        "howToGetGold":"Unlocked at Druid Level 57.",
        "mechanics":["Battlecry"]
    },
  
    {
        "id":"CS2_108",
        "name":"Execute",
        "type":"Spell",
        "faction":"Neutral",
        "rarity":"Free",
        "cost":1,
        "text":"Destroy a damaged enemy minion.",
        "flavor":"It's okay, he deserved it.",
        "artist":"Dany Orizio",
        "collectible":true,
        "playerClass":"Warrior",
        "howToGet":"Unlocked at Level 1.",
        "howToGetGold":"Unlocked at Level 47."
    },
    
    {
        "id":"EX1_129",
        "name":"Fan of Knives",
        "type":"Spell",
        "faction":"Neutral",
        "rarity":"Common",
        "cost":3,
        "text":"Deal $1 damage to all enemy minions. Draw a card.",
        "flavor":"I wouldn't say I LOVE knives, but I'm definitely a fan.",
        "artist":"Andrew Robinson",
        "collectible":true,
        "playerClass":"Rogue",
        "howToGet":"Unlocked at Level 4.",
        "howToGetGold":"Unlocked at Level 29."
    },
    {
        "id":"CS2_106",
        "name":"Fiery War Axe",
        "type":"Weapon",
        "faction":"Neutral",
        "rarity":"Free",
        "cost":2,
        "attack":3,
        "durability":2,
        "flavor":"During times of tranquility and harmony, this weapon was called by its less popular name, Chilly Peace Axe.",
        "artist":"Lucas Graciano",
        "collectible":true,
        "playerClass":"Warrior",
        "howToGet":"Unlocked at Level 1.",
        "howToGetGold":"Unlocked at Level 49."
    },
    {
        "id":"CS2_042",
        "name":"Fire Elemental",
        "type":"Minion",
        "faction":"Neutral",
        "rarity":"Common",
        "cost":6,
        "attack":6,
        "health":5,
        "text":"<b>Battlecry:</b> Deal 3 damage.",
        "flavor":"He can never take a bath. Ewww.",
        "artist":"Ralph Horsley",
        "collectible":true,
        "playerClass":"Shaman",
        "howToGet":"Unlocked at Level 10.",
        "howToGetGold":"Unlocked at Level 49.",
        "mechanics":["Battlecry"]
    },
    {
        "id":"CS2_029",
        "name":"Fireball",
        "type":"Spell",
        "faction":"Neutral",
        "rarity":"Free",
        "cost":4,
        "text":"Deal $6 damage.",
        "flavor":"This spell is useful for burning things.  If you're looking for spells that toast things, or just warm them a little, you're in the wrong place.",
        "artist":"Ralph Horsley",
        "collectible":true,
        "playerClass":"Mage",
        "howToGet":"Unlocked at Level 1.",
        "howToGetGold":"Unlocked at Level 44."
    },
    {
        "id":"CS2_034",
        "name":"Fireblast",
        "type":"Hero Power",
        "faction":"Neutral",
        "rarity":"Free",
        "cost":2,
        "text":"<b>Hero Power</b>\nDeal 1 damage.",
        "playerClass":"Mage"
    },
    {
        "id":"CS2_032",
        "name":"Flamestrike",
        "type":"Spell",
        "faction":"Neutral",
        "rarity":"Common",
        "cost":7,
        "text":"Deal $4 damage to all enemy minions.",
        "flavor":"When the ground is on fire, you should <i>not</i> stop, drop, and roll.",
        "artist":"Romain De Santi",
        "collectible":true,
        "playerClass":"Mage",
        "howToGet":"Unlocked at Level 10.",
        "howToGetGold":"Unlocked at Level 51."
    },
    
    {
        "id":"EX1_565",
        "name":"Flametongue Totem",
        "type":"Minion",
        "faction":"Neutral",
        "rarity":"Common",
        "cost":2,
        "attack":0,
        "health":3,
        "text":"Adjacent minions have +2 Attack.",
        "inPlayText":"Flametongue",
        "flavor":"Totemsmiths like to use the rarest woods for their totems.  There are even rumors of totems made of Ironbark Protectors.",
        "artist":"Jonathan Ryder",
        "collectible":true,
        "race":"Totem",
        "playerClass":"Shaman",
        "howToGet":"Unlocked at Level 4.",
        "howToGetGold":"Unlocked at Level 43.",
        "mechanics":["AdjacentBuff","Aura"]
    },
    
    {
        "id":"CS2_026",
        "name":"Frost Nova",
        "type":"Spell",
        "faction":"Neutral",
        "rarity":"Common",
        "cost":3,
        "text":"<b>Freeze</b> all enemy minions.",
        "flavor":"Hey man, that's cold.  Literally and metaphorically.",
        "artist":"Josh Tallman",
        "collectible":true,
        "playerClass":"Mage",
        "howToGet":"Unlocked at Level 6.",
        "howToGetGold":"Unlocked at Level 23.",
        "mechanics":["Freeze"]
    },
    {
        "id":"CS2_037",
        "name":"Frost Shock",
        "type":"Spell",
        "faction":"Neutral",
        "rarity":"Free",
        "cost":1,
        "text":"Deal $1 damage to an enemy character and <b>Freeze</b> it.",
        "flavor":"FROST SHOCK!",
        "artist":"Alex Horley Orlandelli",
        "collectible":true,
        "playerClass":"Shaman",
        "howToGet":"Unlocked at Level 1.",
        "howToGetGold":"Unlocked at Level 32.",
        "mechanics":["Freeze"]
    },
    {
        "id":"CS2_024",
        "name":"Frostbolt",
        "type":"Spell",
        "faction":"Neutral",
        "rarity":"Common",
        "cost":2,
        "text":"Deal $3 damage to a character and <b>Freeze</b> it.",
        "flavor":"It is customary to yell \"Chill out!\" or \"Freeze!\" or \"Ice ice, baby!\" when you play this card.",
        "artist":"Steve Ellis",
        "collectible":true,
        "playerClass":"Mage",
        "howToGet":"Unlocked at Level 2.",
        "howToGetGold":"Unlocked at Level 40.",
        "mechanics":["Freeze"]
    },
   
    {
        "id":"CS2_121",
        "name":"Frostwolf Grunt",
        "type":"Minion",
        "faction":"Neutral",
        "rarity":"Common",
        "cost":2,
        "attack":2,
        "health":2,
        "text":"<b>Taunt</b>",
        "flavor":"Grunting is what his father did and his father before that.   It's more than just a job.",
        "artist":"Richie Marella",
        "collectible":true,
        "howToGetGold":"Unlocked at Shaman Level 57.",
        "mechanics":["Taunt"]
    },
    {
        "id":"CS2_226",
        "name":"Frostwolf Warlord",
        "type":"Minion",
        "faction":"Horde",
        "rarity":"Common",
        "cost":5,
        "attack":4,
        "health":4,
        "text":"<b>Battlecry:</b> Gain +1/+1 for each other friendly minion on the battlefield.",
        "inPlayText":"Warlord",
        "flavor":"The Frostwolves are locked in combat with the Stormpike Expedition over control of Alterac Valley.  Every attempt at peace-talks has ended with Captain Galvangar killing the mediator.",
        "artist":"James Ryman",
        "collectible":true,
        "howToGetGold":"Unlocked at Shaman Level 53.",
        "mechanics":["Battlecry"]
    },
   
    {
        "id":"HERO_01",
        "name":"Garrosh Hellscream",
        "type":"Hero",
        "faction":"Neutral",
        "rarity":"Free",
        "health":30,
        "collectible":true,
        "playerClass":"Warrior"
    },
    {
        "id":"CS2_147",
        "name":"Gnomish Inventor",
        "type":"Minion",
        "faction":"Alliance",
        "rarity":"Common",
        "cost":4,
        "attack":2,
        "health":4,
        "text":"<b>Battlecry:</b> Draw a card.",
        "flavor":"She's never quite sure what she's making, she just knows it's AWESOME!",
        "artist":"Court Jones",
        "collectible":true,
        "howToGetGold":"Unlocked at Priest Level 57.",
        "mechanics":["Battlecry"]
    },
    {
        "id":"CS1_042",
        "name":"Goldshire Footman",
        "type":"Minion",
        "faction":"Alliance",
        "rarity":"Common",
        "cost":1,
        "attack":1,
        "health":2,
        "text":"<b>Taunt</b>",
        "flavor":"If 1/2 minions are all that is defending Goldshire, you would think it would have been overrun years ago.",
        "artist":"Donato Giancola",
        "collectible":true,
        "howToGetGold":"Unlocked at Paladin Level 57.",
        "mechanics":["Taunt"]
    },
    {
        "id":"EX1_508",
        "name":"Grimscale Oracle",
        "type":"Minion",
        "faction":"Neutral",
        "rarity":"Common",
        "cost":1,
        "attack":1,
        "health":1,
        "text":"ALL other Murlocs have +1 Attack.",
        "inPlayText":"Argalagblbl",
        "flavor":"These are the brainy murlocs.  It turns out that doesn’t mean much.",
        "artist":"Phil Saunders",
        "collectible":true,
        "race":"Murloc",
        "howToGetGold":"Unlocked at Warlock Level 53.",
        "mechanics":["Aura"]
    },
    {
        "id":"CS2_088",
        "name":"Guardian of Kings",
        "type":"Minion",
        "faction":"Neutral",
        "rarity":"Common",
        "cost":7,
        "attack":5,
        "health":6,
        "text":"<b>Battlecry:</b> Restore 6 Health to your hero.",
        "flavor":"Holy beings from the beyond are so cliché!",
        "artist":"E.M. Gist",
        "collectible":true,
        "playerClass":"Paladin",
        "howToGet":"Unlocked at Level 8.",
        "howToGetGold":"Unlocked at Level 47.",
        "mechanics":["Battlecry"]
    },
    {
        "id":"HERO_07",
        "name":"Gul'dan",
        "type":"Hero",
        "faction":"Neutral",
        "rarity":"Free",
        "health":30,
        "collectible":true,
        "playerClass":"Warlock"
    },
    {
        "id":"EX1_399",
        "name":"Gurubashi Berserker",
        "type":"Minion",
        "faction":"Neutral",
        "rarity":"Common",
        "cost":5,
        "attack":2,
        "health":7,
        "text":"Whenever this minion takes damage, gain +3 Attack.",
        "flavor":"No Pain, No Gain.",
        "artist":"Alex Horley Orlandelli",
        "collectible":true,
        "howToGetGold":"Unlocked at Warlock Level 57."
    },
    {
        "id":"CS2_094",
        "name":"Hammer of Wrath",
        "type":"Spell",
        "faction":"Neutral",
        "rarity":"Free",
        "cost":4,
        "text":"Deal $3 damage.\nDraw a card.",
        "flavor":"A good paladin has many tools.  Hammer of Wrath, Pliers of Vengeance, Hacksaw of Justice, etc.",
        "artist":"Efrem Palacios",
        "collectible":true,
        "playerClass":"Paladin",
        "howToGet":"Unlocked at Level 1.",
        "howToGetGold":"Unlocked at Level 32."
    },
    {
        "id":"EX1_371",
        "name":"Hand of Protection",
        "type":"Spell",
        "faction":"Neutral",
        "rarity":"Free",
        "cost":1,
        "text":"Give a minion <b>Divine Shield</b>.",
        "flavor":"This spell has been renamed so many times, even paladins don’t know what it should be called anymore.",
        "artist":"Clint Langley",
        "collectible":true,
        "playerClass":"Paladin",
        "howToGet":"Unlocked at Level 1.",
        "howToGetGold":"Unlocked at Level 23."
    },
   
    {
        "id":"CS2_007",
        "name":"Healing Touch",
        "type":"Spell",
        "faction":"Neutral",
        "rarity":"Free",
        "cost":3,
        "text":"Restore #8 Health.",
        "flavor":"8 Health, no waiting.",
        "artist":"Cyril Van Der Haegen",
        "collectible":true,
        "playerClass":"Druid",
        "howToGet":"Unlocked at Level 1.",
        "howToGetGold":"Unlocked at Level 15."
    },
    {
        "id":"CS2_062",
        "name":"Hellfire",
        "type":"Spell",
        "faction":"Neutral",
        "rarity":"Free",
        "cost":4,
        "text":"Deal $3 damage to ALL characters.",
        "flavor":"It's spells like these that make it hard for Warlocks to get decent help.",
        "artist":"Chippy",
        "collectible":true,
        "playerClass":"Warlock",
        "howToGet":"Unlocked at Level 1.",
        "howToGetGold":"Unlocked at Level 49."
    },
    
    {
        "id":"CS2_105",
        "name":"Heroic Strike",
        "type":"Spell",
        "faction":"Neutral",
        "rarity":"Free",
        "cost":2,
        "text":"Give your hero +4 Attack this turn.",
        "flavor":"Really, if you're a hero, this is <i>every</i> strike.",
        "artist":"Jonboy Meyers",
        "collectible":true,
        "playerClass":"Warrior",
        "howToGet":"Unlocked at Level 1.",
        "howToGetGold":"Unlocked at Level 15."
    },
    {
        "id":"EX1_246",
        "name":"Hex",
        "type":"Spell",
        "faction":"Neutral",
        "rarity":"Free",
        "cost":3,
        "text":"Transform a minion into a 0/1 Frog with <b>Taunt</b>.",
        "flavor":"If you Hex a Murloc... it really isn't much of a change, is it?",
        "artist":"Steve Hui",
        "collectible":true,
        "playerClass":"Shaman",
        "howToGet":"Unlocked at Level 1.",
        "howToGetGold":"Unlocked at Level 47."
    },
    
    {
        "id":"CS2_089",
        "name":"Holy Light",
        "type":"Spell",
        "faction":"Neutral",
        "rarity":"Free",
        "cost":2,
        "text":"Restore #6 Health.",
        "flavor":"If you are often bathed in Holy Light, you should consider wearing sunscreen.",
        "artist":"Zoltan & Gabor",
        "collectible":true,
        "playerClass":"Paladin",
        "howToGet":"Unlocked at Level 1.",
        "howToGetGold":"Unlocked at Level 15."
    },
    {
        "id":"CS1_112",
        "name":"Holy Nova",
        "type":"Spell",
        "faction":"Neutral",
        "rarity":"Common",
        "cost":5,
        "text":"Deal $2 damage to all enemies. Restore #2 Health to all friendly characters.",
        "flavor":"If the Holy Light forsakes you, good luck casting this spell.  Also, you're probably a jerk.",
        "artist":"Luca Zontini",
        "collectible":true,
        "playerClass":"Priest",
        "howToGet":"Unlocked at Level 6.",
        "howToGetGold":"Unlocked at Level 45."
    },
    {
        "id":"CS1_130",
        "name":"Holy Smite",
        "type":"Spell",
        "faction":"Neutral",
        "rarity":"Free",
        "cost":1,
        "text":"Deal $2 damage.",
        "flavor":"It doesn't matter how pious you are.  Everyone needs a good smiting now and again.",
        "artist":"Steve Ellis",
        "collectible":true,
        "playerClass":"Priest",
        "howToGet":"Unlocked at Level 1.",
        "howToGetGold":"Unlocked at Level 23."
    },
    {
        "id":"DS1_070",
        "name":"Houndmaster",
        "type":"Minion",
        "faction":"Neutral",
        "rarity":"Free",
        "cost":4,
        "attack":4,
        "health":3,
        "text":"<b>Battlecry:</b> Give a friendly Beast +2/+2 and <b>Taunt</b>.",
        "inPlayText":"Beastmaster",
        "flavor":"\"Who let the dogs out?\" he asks.  It's rhetorical.",
        "artist":"Dan Brereton",
        "collectible":true,
        "playerClass":"Hunter",
        "howToGet":"Unlocked at Level 1.",
        "howToGetGold":"Unlocked at Level 28.",
        "mechanics":["Battlecry"]
    },

    {
        "id":"EX1_360",
        "name":"Humility",
        "type":"Spell",
        "faction":"Neutral",
        "rarity":"Common",
        "cost":1,
        "text":"Change a minion's Attack to 1.",
        "flavor":"This card makes something really damp.  Oh wait.  That's \"Humidity.\"",
        "artist":"Daren Bader",
        "collectible":true,
        "playerClass":"Paladin",
        "howToGet":"Unlocked at Level 6.",
        "howToGetGold":"Unlocked at Level 28."
    },
   
    {
        "id":"CS2_084",
        "name":"Hunter's Mark",
        "type":"Spell",
        "faction":"Neutral",
        "rarity":"Common",
        "cost":0,
        "text":"Change a minion's Health to 1.",
        "flavor":"Never play 'Hide and Go Seek' with a Hunter.",
        "artist":"Jimmy Lo",
        "collectible":true,
        "playerClass":"Hunter",
        "howToGet":"Unlocked at Level 6.",
        "howToGetGold":"Unlocked at Level 40."
    },
    {
        "id":"EX1_169",
        "name":"Innervate",
        "type":"Spell",
        "faction":"Neutral",
        "rarity":"Free",
        "cost":0,
        "text":"Gain 2 Mana Crystals this turn only.",
        "flavor":"Some druids still have flashbacks from strangers yelling \"Innervate me!!\" at them.",
        "artist":"Doug Alexander",
        "collectible":true,
        "playerClass":"Druid",
        "howToGet":"Unlocked at Level 1.",
        "howToGetGold":"Unlocked at Level 36."
    },
    {
        "id":"CS2_232",
        "name":"Ironbark Protector",
        "type":"Minion",
        "faction":"Neutral",
        "rarity":"Common",
        "cost":8,
        "attack":8,
        "health":8,
        "text":"<b>Taunt</b>",
        "flavor":"I <i>dare</i> you to attack Darnassus.",
        "artist":"Dave Allsop",
        "collectible":true,
        "playerClass":"Druid",
        "howToGet":"Unlocked at Level 10.",
        "howToGetGold":"Unlocked at Level 49.",
        "mechanics":["Taunt"]
    },
    {
        "id":"CS2_141",
        "name":"Ironforge Rifleman",
        "type":"Minion",
        "faction":"Alliance",
        "rarity":"Common",
        "cost":3,
        "attack":2,
        "health":2,
        "text":"<b>Battlecry:</b> Deal 1 damage.",
        "flavor":"\"Ready! Aim! Drink!\"",
        "artist":"Tooth",
        "collectible":true,
        "howToGetGold":"Unlocked at Mage Level 55.",
        "mechanics":["Battlecry"]
    },
    {
        "id":"CS2_125",
        "name":"Ironfur Grizzly",
        "type":"Minion",
        "faction":"Neutral",
        "rarity":"Common",
        "cost":3,
        "attack":3,
        "health":3,
        "text":"<b>Taunt</b>",
        "flavor":"\"Bear Carcass 1/10\"",
        "artist":"Lars Grant-West",
        "collectible":true,
        "race":"Beast",
        "howToGetGold":"Unlocked at Hunter Level 59.",
        "mechanics":["Taunt"]
    },
    {
        "id":"HERO_08",
        "name":"Jaina Proudmoore",
        "type":"Hero",
        "faction":"Neutral",
        "rarity":"Free",
        "health":30,
        "collectible":true,
        "playerClass":"Mage"
    },
    {
        "id":"EX1_539",
        "name":"Kill Command",
        "type":"Spell",
        "faction":"Neutral",
        "rarity":"Common",
        "cost":3,
        "text":"Deal $3 damage. If you have a Beast, deal $5 damage instead.",
        "flavor":"\"Kill!\", he commanded.",
        "artist":"Gabe from Penny Arcade",
        "collectible":true,
        "playerClass":"Hunter",
        "howToGet":"Unlocked at Level 10.",
        "howToGetGold":"Unlocked at Level 49."
    },
    {
        "id":"CS2_142",
        "name":"Kobold Geomancer",
        "type":"Minion",
        "faction":"Horde",
        "rarity":"Common",
        "cost":2,
        "attack":2,
        "health":2,
        "text":"<b>Spell Damage +1</b>",
        "flavor":"In the old days, Kobolds were the finest candle merchants in the land. Then they got pushed too far...",
        "artist":"Gabor Szikszai",
        "collectible":true,
        "howToGetGold":"Unlocked at Warlock Level 59.",
        "mechanics":["Spellpower"]
    },
    {
        "id":"NEW1_011",
        "name":"Kor'kron Elite",
        "type":"Minion",
        "rarity":"Common",
        "cost":4,
        "attack":4,
        "health":3,
        "text":"<b>Charge</b>",
        "flavor":"The Kor'kron are the elite forces of Garrosh Hellscream. Let's just say you don't want to run into these guys while wearing a blue tabard.",
        "artist":"Alex Horley Orlandelli",
        "collectible":true,
        "playerClass":"Warrior",
        "howToGet":"Unlocked at Level 4.",
        "howToGetGold":"Unlocked at Level 44.",
        "mechanics":["Charge"]
    },
    
    {
        "id":"CS1h_001",
        "name":"Lesser Heal",
        "type":"Hero Power",
        "faction":"Neutral",
        "rarity":"Free",
        "cost":2,
        "text":"<b>Hero Power</b>\nRestore 2 Health.",
        "playerClass":"Priest"
    },
    {
        "id":"CS2_056",
        "name":"Life Tap",
        "type":"Hero Power",
        "faction":"Neutral",
        "rarity":"Free",
        "cost":2,
        "text":"<b>Hero Power</b>\nDraw a card and take 2 damage.",
        "playerClass":"Warlock"
    },
    {
        "id":"CS2_091",
        "name":"Light's Justice",
        "type":"Weapon",
        "faction":"Neutral",
        "rarity":"Free",
        "cost":1,
        "attack":1,
        "durability":4,
        "flavor":"Prince Malchezaar was a collector of rare weapons. He'd animate them and have them dance for him.",
        "artist":"Glenn Rane",
        "collectible":true,
        "playerClass":"Paladin",
        "howToGet":"Unlocked at Level 1.",
        "howToGetGold":"Unlocked at Level 36."
    },
    {
        "id":"CS2_162",
        "name":"Lord of the Arena",
        "type":"Minion",
        "faction":"Alliance",
        "rarity":"Common",
        "cost":6,
        "attack":6,
        "health":5,
        "text":"<b>Taunt</b>",
        "flavor":"He used to be a 2100+ rated arena player, but that was years ago and nobody can get him to shut up about it.",
        "artist":"E.M. Gist",
        "collectible":true,
        "howToGetGold":"Unlocked at Priest Level 59.",
        "mechanics":["Taunt"]
    },
    
    {
        "id":"CS2_118",
        "name":"Magma Rager",
        "type":"Minion",
        "rarity":"Free",
        "cost":3,
        "attack":5,
        "health":1,
        "flavor":"He likes to think he is powerful, but pretty much anyone can solo Molten Core now.",
        "artist":"Matt Gaser",
        "collectible":true,
        "howToGetGold":"Unlocked at Shaman Level 51."
    },
    {
        "id":"HERO_06",
        "name":"Malfurion Stormrage",
        "type":"Hero",
        "faction":"Neutral",
        "rarity":"Free",
        "health":30,
        "collectible":true,
        "playerClass":"Druid"
    },
    {
        "id":"CS2_009",
        "name":"Mark of the Wild",
        "type":"Spell",
        "faction":"Neutral",
        "rarity":"Free",
        "cost":2,
        "text":"Give a minion <b>Taunt</b> and +2/+2.<i> (+2 Attack/+2 Health)</i>",
        "flavor":"Not to be confused with Jim of the Wild.",
        "artist":"Brad Vancata",
        "collectible":true,
        "playerClass":"Druid",
        "howToGet":"Unlocked at Level 1.",
        "howToGetGold":"Unlocked at Level 28."
    },
   
    {
        "id":"DS1_233",
        "name":"Mind Blast",
        "type":"Spell",
        "faction":"Neutral",
        "rarity":"Free",
        "cost":2,
        "text":"Deal $5 damage to the enemy hero.",
        "flavor":"This spell blasts you directly in the MIND.",
        "artist":"Dave Allsop",
        "collectible":true,
        "playerClass":"Priest",
        "howToGet":"Unlocked at Level 1.",
        "howToGetGold":"Unlocked at Level 15."
    },
    {
        "id":"CS1_113",
        "name":"Mind Control",
        "type":"Spell",
        "faction":"Neutral",
        "rarity":"Common",
        "cost":10,
        "text":"Take control of an enemy minion.",
        "flavor":"Nominated as \"Spell Most Likely to Make Your Opponent Punch the Wall.\"",
        "artist":"Sean O’Daniels",
        "collectible":true,
        "playerClass":"Priest",
        "howToGet":"Unlocked at Level 10.",
        "howToGetGold":"Unlocked at Level 49."
    },
    
    {
        "id":"CS2_003",
        "name":"Mind Vision",
        "type":"Spell",
        "faction":"Neutral",
        "rarity":"Common",
        "cost":1,
        "text":"Put a copy of a random card in your opponent's hand into your hand.",
        "flavor":"I see what you did there.",
        "artist":"Michael Komarck",
        "collectible":true,
        "playerClass":"Priest",
        "howToGet":"Unlocked at Level 4.",
        "howToGetGold":"Unlocked at Level 32."
    },
    
    {
        "id":"CS2_027",
        "name":"Mirror Image",
        "type":"Spell",
        "faction":"Neutral",
        "rarity":"Common",
        "cost":1,
        "text":"Summon two 0/2 minions with <b>Taunt</b>.",
        "flavor":"Oh hey it's Mirror Image! !egamI rorriM s'ti yeh hO",
        "artist":"Jim Nelson",
        "collectible":true,
        "playerClass":"Mage",
        "howToGet":"Unlocked at Level 4.",
        "howToGetGold":"Unlocked at Level 36."
    },
    
    {
        "id":"CS2_008",
        "name":"Moonfire",
        "type":"Spell",
        "faction":"Neutral",
        "rarity":"Common",
        "cost":0,
        "text":"Deal $1 damage.",
        "flavor":"\"Cast Moonfire, and never stop.\" - How to Be a Druid, Chapter 5, Section 3",
        "artist":"Richard Wright",
        "collectible":true,
        "playerClass":"Druid",
        "howToGet":"Unlocked at Level 6.",
        "howToGetGold":"Unlocked at Level 40."
    },
    {
        "id":"EX1_302",
        "name":"Mortal Coil",
        "type":"Spell",
        "faction":"Neutral",
        "rarity":"Common",
        "cost":1,
        "text":"Deal $1 damage to a minion. If that kills it, draw a card.",
        "flavor":"If your spells look like horrifying skulls, let's be honest, you should get to draw some cards.",
        "artist":"Matt Gaser",
        "collectible":true,
        "playerClass":"Warlock",
        "howToGet":"Unlocked at Level 4.",
        "howToGetGold":"Unlocked at Level 43."
    },
    {
        "id":"DS1_183",
        "name":"Multi-Shot",
        "type":"Spell",
        "faction":"Neutral",
        "rarity":"Free",
        "cost":4,
        "text":"Deal $3 damage to two random enemy minions.",
        "flavor":"You see, it's all about <i>throughput</i>.",
        "artist":"Benjamin Zhang",
        "collectible":true,
        "playerClass":"Hunter",
        "howToGet":"Unlocked at Level 1.",
        "howToGetGold":"Unlocked at Level 36."
    },
    {
        "id":"CS2_168",
        "name":"Murloc Raider",
        "type":"Minion",
        "faction":"Alliance",
        "rarity":"Free",
        "cost":1,
        "attack":2,
        "health":1,
        "flavor":"Mrrraggglhlhghghlgh, mrgaaag blarrghlgaahahl mrgggg glhalhah a bghhll graggmgmg Garrosh mglhlhlh mrghlhlhl!!",
        "artist":"Dan Scott",
        "collectible":true,
        "race":"Murloc",
        "howToGetGold":"Unlocked at Priest Level 51."
    },
    
    {
        "id":"EX1_506",
        "name":"Murloc Tidehunter",
        "type":"Minion",
        "faction":"Neutral",
        "rarity":"Common",
        "cost":2,
        "attack":2,
        "health":1,
        "text":"<b>Battlecry:</b> Summon a 1/1 Murloc Scout.",
        "flavor":"\"Death will rise, from the tides!\"",
        "artist":"Dan Scott",
        "collectible":true,
        "race":"Murloc",
        "howToGetGold":"Unlocked at Rogue Level 53.",
        "mechanics":[
            "Battlecry"
        ]
    },
    
    {
        "id":"EX1_593",
        "name":"Nightblade",
        "type":"Minion",
        "faction":"Neutral",
        "rarity":"Free",
        "cost":5,
        "attack":4,
        "health":4,
        "text":"<b>Battlecry: </b>Deal 3 damage to the enemy hero.",
        "flavor":"Your face is the place you'd probably least like a dagger, and where rogues are most likely to deliver them.",
        "artist":"Raymond Swanland",
        "collectible":true,
        "howToGetGold":"Unlocked at Druid Level 53.",
        "mechanics":["Battlecry"]
    },
    {
        "id":"CS2_235",
        "name":"Northshire Cleric",
        "type":"Minion",
        "rarity":"Free",
        "cost":1,
        "attack":1,
        "health":3,
        "text":"Whenever a minion is healed, draw a card.",
        "flavor":"They help the downtrodden and distressed.  Also they sell cookies.",
        "artist":"Terese Nielsen",
        "collectible":true,
        "playerClass":"Priest",
        "howToGet":"Unlocked at Level 1.",
        "howToGetGold":"Unlocked at Level 40.",
        "mechanics":["HealTarget"]
    },
    {
        "id":"EX1_015",
        "name":"Novice Engineer",
        "type":"Minion",
        "faction":"Alliance",
        "rarity":"Free",
        "cost":2,
        "attack":1,
        "health":1,
        "text":"<b>Battlecry:</b> Draw a card.",
        "flavor":"\"Half of this class will not graduate… since they'll have been turned to chickens.\" - Tinkmaster Overspark, teaching Gizmos 101.",
        "artist":"Karl Richardson",
        "collectible":true,
        "howToGetGold":"Unlocked at Druid Level 59.",
        "mechanics":["Battlecry"]
    },
    {
        "id":"CS2_119",
        "name":"Oasis Snapjaw",
        "type":"Minion",
        "rarity":"Free",
        "cost":4,
        "attack":2,
        "health":7,
        "flavor":"His dreams of flying and breathing fire like his idol will never be realized.",
        "artist":"Ittoku",
        "collectible":true,
        "race":"Beast",
        "howToGetGold":"Unlocked at Druid Level 51."
    },
    {
        "id":"CS2_197",
        "name":"Ogre Magi",
        "type":"Minion",
        "faction":"Neutral",
        "rarity":"Common",
        "cost":4,
        "attack":4,
        "health":4,
        "text":"<b>Spell Damage +1</b>",
        "flavor":"Training Ogres in the art of spellcasting is a questionable decision.",
        "artist":"James Ryman",
        "collectible":true,
        "howToGetGold":"Unlocked at Warlock Level 55.",
        "mechanics":["Spellpower"]
    },
    
    {
        "id":"CS2_022",
        "name":"Polymorph",
        "type":"Spell",
        "faction":"Neutral",
        "rarity":"Free",
        "cost":4,
        "text":"Transform a minion into a 1/1 Sheep.",
        "flavor":"There was going to be a pun in this flavor text, but it just came out baa-d.",
        "artist":"Vance Kovacs",
        "collectible":true,
        "playerClass":"Mage",
        "howToGet":"Unlocked at Level 1.",
        "howToGetGold":"Unlocked at Level 47."
    },
    {
        "id":"CS2_004",
        "name":"Power Word: Shield",
        "type":"Spell",
        "faction":"Neutral",
        "rarity":"Free",
        "cost":1,
        "text":"Give a minion +2 Health.\nDraw a card.",
        "flavor":"Sure the extra protection is nice, but the shield really reduces visibility.",
        "artist":"Jessica Jung",
        "collectible":true,
        "playerClass":"Priest",
        "howToGet":"Unlocked at Level 1.",
        "howToGetGold":"Unlocked at Level 47."
    },
    
    {
        "id":"CS2_122",
        "name":"Raid Leader",
        "type":"Minion",
        "rarity":"Free",
        "cost":3,
        "attack":2,
        "health":2,
        "text":"Your other minions have +1 Attack.",
        "inPlayText":"Lead",
        "flavor":"\"That's a 50 DKP minus!\"",
        "artist":"Phill Gonzales",
        "collectible":true,
        "howToGetGold":"Unlocked at Warrior Level 57.",
        "mechanics":["Aura"]
    },
    {
        "id":"CS2_196",
        "name":"Razorfen Hunter",
        "type":"Minion",
        "faction":"Horde",
        "rarity":"Common",
        "cost":3,
        "attack":2,
        "health":3,
        "text":"<b>Battlecry:</b> Summon a 1/1 Boar.",
        "flavor":"Someone did mess with Tuskerr once.  ONCE.",
        "artist":"Clint Langley",
        "collectible":true,
        "howToGetGold":"Unlocked at Hunter Level 55.",
        "mechanics":["Battlecry"]
    },
    {
        "id":"CS2_213",
        "name":"Reckless Rocketeer",
        "type":"Minion",
        "faction":"Horde",
        "rarity":"Free",
        "cost":6,
        "attack":5,
        "health":2,
        "text":"<b>Charge</b>",
        "flavor":"One Insane Rocketeer.   One Rocket full of Explosives.   Infinite Fun.",
        "artist":"John Polidora",
        "collectible":true,
        "howToGetGold":"Unlocked at Shaman Level 59.",
        "mechanics":["Charge"]
    },
    {
        "id":"CS2_101",
        "name":"Reinforce",
        "type":"Hero Power",
        "faction":"Neutral",
        "rarity":"Free",
        "cost":2,
        "text":"<b>Hero Power</b>\nSummon a 1/1 Silver Hand Recruit.",
        "playerClass":"Paladin"
    },
    {
        "id":"HERO_05",
        "name":"Rexxar",
        "type":"Hero",
        "faction":"Neutral",
        "rarity":"Free",
        "health":30,
        "collectible":true,
        "playerClass":"Hunter"
    },
    {
        "id":"CS2_120",
        "name":"River Crocolisk",
        "type":"Minion",
        "rarity":"Free",
        "cost":2,
        "attack":2,
        "health":3,
        "flavor":"Edward \"Lefty\" Smith tried to make luggage out of a river crocolisk once.",
        "artist":"Daren Bader",
        "collectible":true,
        "race":"Beast",
        "howToGetGold":"Unlocked at Druid Level 55."
    },
    
    {
        "id":"CS2_045",
        "name":"Rockbiter Weapon",
        "type":"Spell",
        "faction":"Neutral",
        "rarity":"Free",
        "cost":1,
        "text":"Give a friendly character +3 Attack this turn.",
        "flavor":"This would be real handy if your enemy is made of rock.",
        "artist":"Alex Horley Orlandelli",
        "collectible":true,
        "playerClass":"Shaman",
        "howToGet":"Unlocked at Level 1.",
        "howToGetGold":"Unlocked at Level 36."
    },
    {
        "id":"NEW1_003",
        "name":"Sacrificial Pact",
        "type":"Spell",
        "rarity":"Common",
        "cost":0,
        "text":"Destroy a Demon. Restore #5 Health to your hero.",
        "flavor":"This is the reason that Demons never really become friends with Warlocks.",
        "artist":"Jim Nelson",
        "collectible":true,
        "playerClass":"Warlock",
        "howToGet":"Unlocked at Level 8.",
        "howToGetGold":"Unlocked at Level 15."
    },
    {
        "id":"EX1_581",
        "name":"Sap",
        "type":"Spell",
        "faction":"Neutral",
        "rarity":"Free",
        "cost":2,
        "text":"Return an enemy minion to your opponent's hand.",
        "flavor":"Rogues love sappy movies.",
        "artist":"Scott Altmann",
        "collectible":true,
        "playerClass":"Rogue",
        "howToGet":"Unlocked at Level 1.",
        "howToGetGold":"Unlocked at Level 40."
    },
    {
        "id":"CS2_011",
        "name":"Savage Roar",
        "type":"Spell",
        "faction":"Neutral",
        "rarity":"Common",
        "cost":3,
        "text":"Give your characters +2 Attack this turn.",
        "flavor":"What do they roar? Nobody can quite tell, but it sounds like \"Elephant Macho Breeze\".  It's probably not that, though.",
        "artist":"Grace Liu",
        "collectible":true,
        "playerClass":"Druid",
        "howToGet":"Unlocked at Level 4.",
        "howToGetGold":"Unlocked at Level 43."
    },
    
    {
        "id":"CS2_179",
        "name":"Sen'jin Shieldmasta",
        "type":"Minion",
        "faction":"Horde",
        "rarity":"Free",
        "cost":4,
        "attack":3,
        "health":5,
        "text":"<b>Taunt</b>",
        "flavor":"Sen'jin Villiage is nice, if you like trolls and dust.",
        "artist":"Brian Despain",
        "collectible":true,
        "howToGetGold":"Unlocked at Rogue Level 59.",
        "mechanics":["Taunt"]
    },
    {
        "id":"CS2_057",
        "name":"Shadow Bolt",
        "type":"Spell",
        "faction":"Neutral",
        "rarity":"Free",
        "cost":3,
        "text":"Deal $4 damage to a minion.",
        "flavor":"It’s a Bolt.   Its made out of Shadow.   What more do you need to know!",
        "artist":"Dave Allsop",
        "collectible":true,
        "playerClass":"Warlock",
        "howToGet":"Unlocked at Level 1.",
        "howToGetGold":"Unlocked at Level 47."
    },
    {
        "id":"EX1_622",
        "name":"Shadow Word: Death",
        "type":"Spell",
        "rarity":"Common",
        "cost":3,
        "text":"Destroy a minion with an Attack of 5 or more.",
        "flavor":"If you miss, it leaves a lightning-bolt-shaped scar on your target.",
        "artist":"Raymond Swanland",
        "collectible":true,
        "playerClass":"Priest",
        "howToGet":"Unlocked at Level 8.",
        "howToGetGold":"Unlocked at Level 43."
    },
    {
        "id":"CS2_234",
        "name":"Shadow Word: Pain",
        "type":"Spell",
        "rarity":"Free",
        "cost":2,
        "text":"Destroy a minion with 3 or less Attack.",
        "flavor":"A step up from a spell cast by many beginning acolytes: \"Shadow Word: Annoy\".",
        "artist":"Raymond Swanland",
        "collectible":true,
        "playerClass":"Priest",
        "howToGet":"Unlocked at Level 1.",
        "howToGetGold":"Unlocked at Level 36."
    },
    {
        "id":"CS2_017",
        "name":"Shapeshift",
        "type":"Hero Power",
        "faction":"Neutral",
        "rarity":"Free",
        "cost":2,
        "text":"<b>Hero Power</b>\n+1 Attack this turn.\n+1 Armor.",
        "playerClass":"Druid"
    },
   
    {
        "id":"EX1_019",
        "name":"Shattered Sun Cleric",
        "type":"Minion",
        "faction":"Neutral",
        "rarity":"Common",
        "cost":3,
        "attack":3,
        "health":2,
        "text":"<b>Battlecry:</b> Give a friendly minion +1/+1.",
        "flavor":"They always have a spare flask of Sunwell Energy Drink™!",
        "artist":"Doug Alexander",
        "collectible":true,
        "howToGetGold":"Unlocked at Priest Level 53.",
        "mechanics":["Battlecry"]
    },
    
    {
        "id":"EX1_606",
        "name":"Shield Block",
        "type":"Spell",
        "faction":"Neutral",
        "rarity":"Common",
        "cost":3,
        "text":"Gain 5 Armor.\nDraw a card.",
        "flavor":"Shields were invented because Face Block is USELESS.",
        "artist":"Michael Komarck",
        "collectible":true,
        "playerClass":"Warrior",
        "howToGet":"Unlocked at Level 8.",
        "howToGetGold":"Unlocked at Level 28."
    },
    {
        "id":"EX1_278",
        "name":"Shiv",
        "type":"Spell",
        "faction":"Neutral",
        "rarity":"Common",
        "cost":2,
        "text":"Deal $1 damage. Draw a card.",
        "flavor":"Rogues are experts at SHIV-al-ry.",
        "artist":"Alex Garner",
        "collectible":true,
        "playerClass":"Rogue",
        "howToGet":"Unlocked at Level 6.",
        "howToGetGold":"Unlocked at Level 45."
    },
    
    {
        "id":"CS2_127",
        "name":"Silverback Patriarch",
        "type":"Minion",
        "faction":"Horde",
        "rarity":"Common",
        "cost":3,
        "attack":1,
        "health":4,
        "text":"<b>Taunt</b>",
        "flavor":"He likes to act like he's in charge, but the silverback matriarch actually runs things.",
        "artist":"Daren Bader",
        "collectible":true,
        "race":"Beast",
        "howToGetGold":"Unlocked at Warrior Level 53.",
        "mechanics":["Taunt"]
    },
    {
        "id":"CS2_075",
        "name":"Sinister Strike",
        "type":"Spell",
        "faction":"Neutral",
        "rarity":"Free",
        "cost":1,
        "text":"Deal $3 damage to the enemy hero.",
        "flavor":"There's something about this strike that just feels off.  Sinister, even.",
        "artist":"Frank Cho",
        "collectible":true,
        "playerClass":"Rogue",
        "howToGet":"Unlocked at Level 1.",
        "howToGetGold":"Unlocked at Level 15."
    },
    
    {
        "id":"EX1_308",
        "name":"Soulfire",
        "type":"Spell",
        "faction":"Neutral",
        "rarity":"Common",
        "cost":1,
        "text":"Deal $4 damage. Discard a random card.",
        "flavor":"Are you lighting a soul on fire? Or burning someone with your OWN soul? This seems like an important distinction.",
        "artist":"Raymond Swanland",
        "collectible":true,
        "playerClass":"Warlock",
        "howToGet":"Unlocked at Level 6.",
        "howToGetGold":"Unlocked at Level 28."
    },
    {
        "id":"CS2_077",
        "name":"Sprint",
        "type":"Spell",
        "faction":"Neutral",
        "rarity":"Common",
        "cost":7,
        "text":"Draw 4 cards.",
        "flavor":"Rogues are not good joggers.",
        "artist":"James Zhang",
        "collectible":true,
        "playerClass":"Rogue",
        "howToGet":"Unlocked at Level 10.",
        "howToGetGold":"Unlocked at Level 49."
    },
    {
        "id":"EX1_173",
        "name":"Starfire",
        "type":"Spell",
        "faction":"Neutral",
        "rarity":"Common",
        "cost":6,
        "text":"Deal $5 damage.\nDraw a card.",
        "flavor":"Balance is important to druids.  This card is perfectly balanced.",
        "artist":"Alex Horley Orlandelli",
        "collectible":true,
        "playerClass":"Druid",
        "howToGet":"Unlocked at Level 2.",
        "howToGetGold":"Unlocked at Level 45."
    },
    {
        "id":"CS2_237",
        "name":"Starving Buzzard",
        "type":"Minion",
        "rarity":"Common",
        "cost":5,
        "attack":3,
        "health":2,
        "text":"Whenever you summon a Beast, draw a card.",
        "inPlayText":"Soaring",
        "flavor":"If you feed him, he loses his whole <i>identity</i>.",
        "artist":"Bernie Kang",
        "collectible":true,
        "race":"Beast",
        "playerClass":"Hunter",
        "howToGet":"Unlocked at Level 4.",
        "howToGetGold":"Unlocked at Level 47."
    },
    {
        "id":"DS1h_292",
        "name":"Steady Shot",
        "type":"Hero Power",
        "faction":"Neutral",
        "rarity":"Free",
        "cost":2,
        "text":"<b>Hero Power</b>\nDeal 2 damage to the enemy hero.",
        "playerClass":"Hunter"
    },
   
    {
        "id":"CS2_171",
        "name":"Stonetusk Boar",
        "type":"Minion",
        "faction":"Neutral",
        "rarity":"Free",
        "cost":1,
        "attack":1,
        "health":1,
        "text":"<b>Charge</b>",
        "flavor":"This card is boaring.",
        "artist":"Howard Lyon",
        "collectible":true,
        "race":"Beast",
        "howToGetGold":"Unlocked at Hunter Level 53.",
        "mechanics":["Charge"]
    },
    {
        "id":"CS2_150",
        "name":"Stormpike Commando",
        "type":"Minion",
        "faction":"Alliance",
        "rarity":"Common",
        "cost":5,
        "attack":4,
        "health":2,
        "text":"<b>Battlecry:</b> Deal 2 damage.",
        "flavor":"The Stormpike Commandos are demolition experts.  They also bake a mean cupcake.",
        "artist":"Kev Walker",
        "collectible":true,
        "howToGetGold":"Unlocked at Paladin Level 51.",
        "mechanics":["Battlecry"]
    },
    {
        "id":"CS2_222",
        "name":"Stormwind Champion",
        "type":"Minion",
        "faction":"Alliance",
        "rarity":"Common",
        "cost":7,
        "attack":6,
        "health":6,
        "text":"Your other minions have +1/+1.",
        "inPlayText":"For the Alliance!",
        "flavor":"When Deathwing assaulted the capital, this soldier was the only member of his squad to survive. Now he's all bitter and stuff.",
        "artist":"Doug Alexander",
        "collectible":true,
        "howToGetGold":"Unlocked at Paladin Level 59.",
        "mechanics":["Aura"]
    },
    {
        "id":"CS2_131",
        "name":"Stormwind Knight",
        "type":"Minion",
        "faction":"Alliance",
        "rarity":"Common",
        "cost":4,
        "attack":2,
        "health":5,
        "text":"<b>Charge</b>",
        "flavor":"They're still embarassed about \"The Deathwing Incident\".",
        "artist":"Ladronn",
        "collectible":true,
        "howToGetGold":"Unlocked at Paladin Level 55.",
        "mechanics":["Charge"]
    },
    {
        "id":"EX1_306",
        "name":"Succubus",
        "type":"Minion",
        "faction":"Neutral",
        "rarity":"Free",
        "cost":2,
        "attack":4,
        "health":3,
        "text":"<b>Battlecry:</b> Discard a random card.",
        "flavor":"Warlocks have it pretty good.",
        "artist":"Matt Dixon",
        "collectible":true,
        "race":"Demon",
        "playerClass":"Warlock",
        "howToGet":"Unlocked at Level 1.",
        "howToGetGold":"Unlocked at Level 40.",
        "mechanics":["Battlecry"]
    },
    {
        "id":"CS2_012",
        "name":"Swipe",
        "type":"Spell",
        "faction":"Neutral",
        "rarity":"Common",
        "cost":4,
        "text":"Deal $4 damage to an enemy and $1 damage to all other enemies.",
        "flavor":"When a bear rears back and extends his arms, he's about to Swipe!  ... or hug.",
        "artist":"Sean O’Daniels",
        "collectible":true,
        "playerClass":"Druid",
        "howToGet":"Unlocked at Level 8.",
        "howToGetGold":"Unlocked at Level 47."
    },
   
    {
        "id":"HERO_02",
        "name":"Thrall",
        "type":"Hero",
        "faction":"Neutral",
        "rarity":"Free",
        "health":30,
        "collectible":true,
        "playerClass":"Shaman"
    },
    {
        "id":"DS1_175",
        "name":"Timber Wolf",
        "type":"Minion",
        "faction":"Neutral",
        "rarity":"Free",
        "cost":1,
        "attack":1,
        "health":1,
        "text":"Your other Beasts have +1 Attack.",
        "flavor":"Other beasts totally dig hanging out with timber wolves.",
        "artist":"Malcolm Davis",
        "collectible":true,
        "race":"Beast",
        "playerClass":"Hunter",
        "howToGet":"Unlocked at Level 1.",
        "howToGetGold":"Unlocked at Level 23.",
        "mechanics":["Aura"]
    },
    {
        "id":"CS2_049",
        "name":"Totemic Call",
        "type":"Hero Power",
        "faction":"Neutral",
        "rarity":"Free",
        "cost":2,
        "text":"<b>Hero Power</b>\nSummon a random Totem.",
        "playerClass":"Shaman"
    },
    
    {
        "id":"EX1_244",
        "name":"Totemic Might",
        "type":"Spell",
        "faction":"Neutral",
        "rarity":"Common",
        "cost":0,
        "text":"Give your Totems +2 Health.",
        "flavor":"Totem-stomping is no longer recommended.",
        "artist":"Trent Kaniuga",
        "collectible":true,
        "playerClass":"Shaman",
        "howToGet":"Unlocked at Level 6.",
        "howToGetGold":"Unlocked at Level 28."
    },
    {
        "id":"DS1_184",
        "name":"Tracking",
        "type":"Spell",
        "faction":"Neutral",
        "rarity":"Free",
        "cost":1,
        "text":"Look at the top three cards of your deck. Draw one and discard the others.",
        "flavor":"For the person who just cannot decide what card to put into a deck!",
        "artist":"Mauro Cascioli",
        "collectible":true,
        "playerClass":"Hunter",
        "howToGet":"Unlocked at Level 1.",
        "howToGetGold":"Unlocked at Level 15."
    },
    {
        "id":"CS2_097",
        "name":"Truesilver Champion",
        "type":"Weapon",
        "faction":"Neutral",
        "rarity":"Common",
        "cost":4,
        "attack":4,
        "durability":2,
        "text":"Whenever your hero attacks, restore 2 Health to it.",
        "flavor":"It Slices, it Dices. You can cut a tin can with it. (But you wouldn't want to.)",
        "artist":"Ryan Sook",
        "collectible":true,
        "playerClass":"Paladin",
        "howToGet":"Unlocked at Level 2.",
        "howToGetGold":"Unlocked at Level 40."
    },
    {
        "id":"DS1_178",
        "name":"Tundra Rhino",
        "type":"Minion",
        "faction":"Neutral",
        "rarity":"Common",
        "cost":5,
        "attack":2,
        "health":5,
        "text":"Your Beasts have <b>Charge</b>.",
        "flavor":"Tundra rhinos are often mistaken for kodos.  Or am I mistaken?",
        "artist":"Lars Grant-West",
        "collectible":true,
        "race":"Beast",
        "playerClass":"Hunter",
        "howToGet":"Unlocked at Level 8.",
        "howToGetGold":"Unlocked at Level 43."
    },
    {
        "id":"HERO_04",
        "name":"Uther Lightbringer",
        "type":"Hero",
        "faction":"Neutral",
        "rarity":"Free",
        "health":30,
        "collectible":true,
        "playerClass":"Paladin"
    },
    {
        "id":"HERO_03",
        "name":"Valeera Sanguinar",
        "type":"Hero",
        "faction":"Neutral",
        "rarity":"Free",
        "health":30,
        "collectible":true,
        "playerClass":"Rogue"
    },
    {
        "id":"NEW1_004",
        "name":"Vanish",
        "type":"Spell",
        "rarity":"Common",
        "cost":6,
        "text":"Return all minions to their owner's hand.",
        "artist":"Sean O’Daniels",
        "collectible":true,
        "playerClass":"Rogue",
        "howToGet":"Unlocked at Level 8.",
        "howToGetGold":"Unlocked at Level 23."
    },
    {
        "id":"CS2_065",
        "name":"Voidwalker",
        "type":"Minion",
        "faction":"Neutral",
        "rarity":"Free",
        "cost":1,
        "attack":1,
        "health":3,
        "text":"<b>Taunt</b>",
        "flavor":"No relation to \"The Voidsteppers\", the popular Void-based dance troupe.",
        "artist":"Alex Horley Orlandelli",
        "collectible":true,
        "race":"Demon",
        "playerClass":"Warlock",
        "howToGet":"Unlocked at Level 1.",
        "howToGetGold":"Unlocked at Level 36.",
        "mechanics":["Taunt"]
    },
    {
        "id":"EX1_011",
        "name":"Voodoo Doctor",
        "type":"Minion",
        "faction":"Horde",
        "rarity":"Free",
        "cost":1,
        "attack":2,
        "health":1,
        "text":"<b>Battlecry:</b> Restore 2 Health.",
        "flavor":"Voodoo is an oft-misunderstood art. But it <i>is</i> art.",
        "artist":"Karl Richardson",
        "collectible":true,
        "howToGetGold":"Unlocked at Rogue Level 55.",
        "mechanics":["Battlecry"]
    },
    {
        "id":"CS2_186",
        "name":"War Golem",
        "type":"Minion",
        "faction":"Neutral",
        "rarity":"Common",
        "cost":7,
        "attack":7,
        "health":7,
        "flavor":"Golems are not afraid, but for some reason they still run when you cast Fear on them.  Instinct, maybe?  A desire to blend in?",
        "artist":"Dave Kendall",
        "collectible":true,
        "howToGetGold":"Unlocked at Rogue Level 51."
    },
    {
        "id":"EX1_084",
        "name":"Warsong Commander",
        "type":"Minion",
        "faction":"Neutral",
        "rarity":"Free",
        "cost":3,
        "attack":2,
        "health":3,
        "text":"Whenever you summon a minion with 3 or less Attack, give it <b>Charge</b>.",
        "flavor":"The Warsong clan is <i>such drama</i>. It's really not worth it to become a commander.",
        "artist":"Wei Wang",
        "collectible":true,
        "playerClass":"Warrior",
        "howToGet":"Unlocked at Level 1.",
        "howToGetGold":"Unlocked at Level 36."
    },
    {
        "id":"CS2_033",
        "name":"Water Elemental",
        "type":"Minion",
        "faction":"Neutral",
        "rarity":"Common",
        "cost":4,
        "attack":3,
        "health":6,
        "text":"<b>Freeze</b> any character damaged by this minion.",
        "inPlayText":"Frostbolt",
        "flavor":"Don't summon a water elemental at a party.  It'll dampen the mood.",
        "artist":"John Avon",
        "collectible":true,
        "playerClass":"Mage",
        "howToGet":"Unlocked at Level 8.",
        "howToGetGold":"Unlocked at Level 49.",
        "mechanics":["Freeze"]
    },
    {
        "id":"EX1_400",
        "name":"Whirlwind",
        "type":"Spell",
        "faction":"Neutral",
        "rarity":"Common",
        "cost":1,
        "text":"Deal $1 damage to ALL minions.",
        "flavor":"The way to tell seasoned warriors from novice ones: the novices yell \"wheeeee\" while whirlwinding.",
        "artist":"Jonboy Meyers",
        "collectible":true,
        "playerClass":"Warrior",
        "howToGet":"Unlocked at Level 6.",
        "howToGetGold":"Unlocked at Level 32."
    },
    
    {
        "id":"CS2_013",
        "name":"Wild Growth",
        "type":"Spell",
        "faction":"Neutral",
        "rarity":"Free",
        "cost":2,
        "text":"Gain an empty Mana Crystal.",
        "flavor":"Grow your own mana crystals with this Mana Crystal Growth Kit, only 39.99!",
        "artist":"James Ryman",
        "collectible":true,
        "playerClass":"Druid",
        "howToGet":"Unlocked at Level 1.",
        "howToGetGold":"Unlocked at Level 23."
    },
    {
        "id":"CS2_039",
        "name":"Windfury",
        "type":"Spell",
        "faction":"Neutral",
        "rarity":"Free",
        "cost":2,
        "text":"Give a minion <b>Windfury</b>.",
        "flavor":"Windfury is like Earthfury and Firefury, but more light and airy.",
        "artist":"Justin Sweet",
        "collectible":true,
        "playerClass":"Shaman",
        "howToGet":"Unlocked at Level 1.",
        "howToGetGold":"Unlocked at Level 23."
    },
    {
        "id":"EX1_587",
        "name":"Windspeaker",
        "type":"Minion",
        "faction":"Neutral",
        "rarity":"Common",
        "cost":4,
        "attack":3,
        "health":3,
        "text":"<b>Battlecry:</b> Give a friendly minion <b>Windfury</b>.",
        "flavor":"Is there anything worse than a Windspeaker with halitosis?",
        "artist":"Vance Kovacs",
        "collectible":true,
        "playerClass":"Shaman",
        "howToGet":"Unlocked at Level 8.",
        "howToGetGold":"Unlocked at Level 45.",
        "mechanics":["Battlecry"]
    },
    {
        "id":"CS2_124",
        "name":"Wolfrider",
        "type":"Minion",
        "faction":"Horde",
        "rarity":"Free",
        "cost":3,
        "attack":3,
        "health":1,
        "text":"<b>Charge</b>",
        "flavor":"Orcish raiders ride wolves because they are well adapted to harsh environments, and because they are soft and cuddly.",
        "artist":"Dany Orizio",
        "collectible":true,
        "howToGetGold":"Unlocked at Warrior Level 59.",
        "mechanics":["Charge"]
    },
    {
        "id":"CS2_052",
        "name":"Wrath of Air Totem",
        "type":"Minion",
        "faction":"Neutral",
        "rarity":"Free",
        "cost":1,
        "attack":0,
        "health":2,
        "text":"<b>Spell Damage +1</b>",
        "race":"Totem",
        "playerClass":"Shaman",
        "mechanics":["Spellpower"]
    }
]